JHUNAY RESTO BAR - MENÚ POR CATEGORÍAS,,,
PARRILLADAS,,,
Producto,Descripción / Ingredientes,Presentación,Precio ($)
Parrillada Personal,"Medio filete de pollo, chuleta, lomo, 2 chorizos, 4 camarones, papas fritas, ensalada fresca y escoge tu guarnición",Estándar,$8.99
Parrillada Familiar,"2 filetes de pollo, 2 chuletas, 2 lomos, 4 chorizos, 8 camarones, papas fritas, y escoge tu guarnición",Grande,$14.99
,,,
CORTES ESPECIALES,,,
Producto,Descripción / Ingredientes,Presentación,Precio ($)
Ribeye,"Suave, jugoso y con un marmoleado perfecto al carbón. Incluye ensalada fresca y guarnición a elegir",Estándar,$7.99
Bife de chorizo (300g),"El clásico corte argentino, firme y lleno de sabor a la brasa. Incluye ensalada fresca y guarnición a elegir",Estándar,$11.99
Picaña (300g),Tierno corte coronado con su inconfundible capa de grasa jugosa. Incluye ensalada fresca y guarnición a elegir,Estándar,$9.99
Picaña (1Kg),"Ideal para compartir . Incluye ensalada jumbo fresca , jarra de jugo o limonada y 2  guarniciones a elegir",Estándar,$24.99
Costilla de Cerdo,Tiernas costillas asadas a fuego lento.Incluye ensalada fresca y guarnición a elegir,Estándar,$6.99
Lomichees (300g),Lomo tierno cubierto con una capa de queso fundido. Incluye ensalada fresca y guarnición a elegir,Estándar,$5.99
Borrego al Grill (1lb),Una libra de tierno borrego sellado al carbón.  Incluye ensalada fresca y guarnición a elegir,Estándar,$8.99
Matambre de Cerdo al Limón (1lb),"Matambre con toque cítrico. Incluye 4 panes de ajo, ensalada fresca y guarnición a elegir.",Estándar,$10.99
Matambre de cerdo a la pizza (1lb),"Matambre con queso fundido y pepperoni. Incluye 4 panes de ajo, ensalada fresca y guarnición a elegir.",Estándar,$12.99
Solominio (300g),"Lomo fino al carbon , salsa a elegir , ensalada fresca y guarnicion a elegir",Estándar,$10.99
File Miño (300g),"Noble lomo fino al carbón envuelto artísticamente en crujiente tocino ahumado,  , ensalada fresca y guarnicion a elegir.",Estándar,$10.99
,,,
MENESTRAS Y PINCHOS,,,
Producto,Descripción / Ingredientes,Presentación,Precio ($)
Pinchos de Pollo,Opción Pincho solo o con Arroz y Menestra,Pincho Jumbo,$2.50
,,Con Arroz y Menestra,$4.00
Pinchos de Lomo,Opción Pincho solo o con Arroz y Menestra,Pincho Jumbo,$3.00
,,Con Arroz y Menestra,$4.50
Pinchos de Chorizo Paisa,Opción Pincho solo o con Arroz y Menestra,Pincho,$1.99
,,Con Arroz y Menestra,$3.50
Pinchos de Camarón,Opción Pincho solo o con Arroz y Menestra,Pincho Jumbo,$3.50
,,Con Arroz y Menestra,$4.50
Pinchos Mixto,Opción Pincho solo o con Arroz y Menestra,Pincho,$2.99
,,Con Arroz y Menestra,$4.50
,,,
PICADITAS,,,
Producto,Descripción / Ingredientes,Presentación,Precio ($)
Picadita Manaba,"Longaniza manaba, tajaditas de maduro frito y patacón con queso y sal prieta",Estándar,$6.99
Picadita Andina,"Picadita de mollejas y cuero con papas criollas, choclo y encurtido",Estándar,$6.99
Chees Nachos,Nachos con carne molida y tocino con queso gratinado y guacamole,Estándar,$4.50
Pan de Ajo con Tuétano,Tajaditas de pan tostado con mantequilla de ajo y orégano acompañado de tuétano y chimichurri,Estándar,$4.99
Chicharrón 500 gr,"Acompañado de papas salteadas o oritas  , guacamole y ensalada criolla",Estándar,$7.99
,,,
SALCHIPAPAS,,,
Producto,Descripción / Ingredientes,Presentación,Precio ($)
Salchi-Simple,"Papas fritas, salchicha y ensalada",Estándar,$1.50
Salchi-Doble,"Papas fritas, salchicha y carne y ensalada",Estándar,$1.99
Salchicompleta,"Papas fritas, salchicha, carne, huevo y ensalada",Estándar,$2.99
Papipollo,"Papas fritas, pollo broaster y ensalada",Estándar,$2.25
Salchipapa Monster Jhunay,"Picadita de lomo con longaniza ahumada, tocino, papas fritas bañado en salsa de queso mozzarella",Estándar,$6.99
,,,
HAMBURGUESAS,,,
Producto,Descripción / Ingredientes,Presentación,Precio ($)
Hamburguesa Opciones Base,"Opciones de hamburguesa base (Simple, Doble, Chees)",Simple,$1.50
,,Doble,$2.99
,,Chees,$1.99
Hamburguesa Criolla,"Carne, queso, huevo, tocino y papas fritas",Estándar,$4.99
Hamburguesa Hawaiana,"Carne, queso, jamón, piña y papas fritas",Estándar,$3.99
Hamburguesa Jack Daniels,"Carne, queso, salsa Jack Daniels y papas fritas",Estándar,$3.99
Hamburguesa Champiñones,"Carne, queso, salsa de champiñones y papas fritas",Estándar,$3.99
,,,
ALITAS (SALSAS VARIAS),,,
Producto,Descripción / Ingredientes,Presentación,Precio ($)
Alitas BBQ,"Salsas: BBQ, Champiñones, Miel Mostaza, Jack Daniels, Maracuyá, Vino Tinto, Tocineta, Teriyaki, Mango Chile, La Diabla",6 Unidades,$4.99
,,9 Unidades,$6.99
,,13 Unidades,$9.99
Alitas Champiñones,Alitas bañadas en salsa champiñones,6 Unidades,$4.99
,,9 Unidades,$6.99
,,13 Unidades,$9.99
Alitas Miel Mostaza,Alitas bañadas en salsa miel mostaza,6 Unidades,$4.99
,,9 Unidades,$6.99
,,13 Unidades,$9.99
Alitas Jack Daniels,Alitas bañadas en salsa Jack Daniels,6 Unidades,$4.99
,,9 Unidades,$6.99
,,13 Unidades,$9.99
Alitas Maracuyá,Alitas bañadas en salsa maracuyá,6 Unidades,$4.99
,,9 Unidades,$6.99
,,13 Unidades,$9.99
Alitas Vino Tinto,Alitas bañadas en salsa vino tinto,6 Unidades,$4.99
,,9 Unidades,$6.99
,,13 Unidades,$9.99
Alitas Tocineta,Alitas bañadas en salsa tocineta,6 Unidades,$4.99
,,9 Unidades,$6.99
,,13 Unidades,$9.99
Alitas Teriyaki,Alitas bañadas en salsa teriyaki,6 Unidades,$4.99
,,9 Unidades,$6.99
,,13 Unidades,$9.99
Alitas Mango Chile,Alitas bañadas en salsa mango chile,6 Unidades,$4.99
,,9 Unidades,$6.99
,,13 Unidades,$9.99
Alitas La Diabla,Alitas bañadas en salsa la diabla,6 Unidades,$4.99
,,9 Unidades,$6.99
,,13 Unidades,$9.99
,,,
COMBOS,,,
Producto,Descripción / Ingredientes,Presentación,Precio ($)
Combo 1,"Una hamburguesa, 5 alitas salsa a su elección, papas fritas y ensalada",Estándar,$5.99
Combo 2,"Dos hamburguesas, 12 alitas 2 sabores, papas fritas y ensalada",Estándar,$11.99
Combo 3,"5 presas broaster, papas fritas y ensalada",Estándar,$5.99
,,,
Guarniciones,,,
Producto,Descripción / Ingredientes,Presentación,Precio ($)
Papas Fritas,"Clásicas, doradas y crujientes por fuera, con una textura suave por dentro.",Estándar,$1.99
Arroz con Menestra,Porción de arroz blanco acompañado de menestra casera lentamente cocinada y sazonada a la perfección.,Estándar,$2.50
Arroz Blanco,"Arroz de grano largo, esponjoso, suelto y suave, el acompañante ideal para cualquier plato.",Estándar,$1.50
Moro Lenteja,Arroz tradicional de la casa sazonado y mezclado con lentejas al estilo casero.,Estándar,$2.50
Papas Salteadas,Doradas a la sartén con un toque de mantequilla y finas hierbas.,Estándar,$1.99
Moro Choclo,Nuestro característico arroz moro combinado con jugosos y dulces granos de maíz tierno.,Estándar,$2.50
Moro Champiñones,Arroz moro sazonado realzado con champiñones frescos salteados.,Estándar,$2.50
Papas al horno,Papa asada lentamente al horno con un toque de mantequilla y salsa de queso.,Estándar,$1.99
Verduras salteadas,Selección de vegetales frescos de temporada salteados al dente para un acompañamiento ligero y saludable.,Estándar,$1.99
,,,
Pastas y Lazañas,,,
Producto,Descripción / Ingredientes,Presentación,Precio ($)
Spagetty  de Pollo,Spaghetti al dente salteado con jugosos trozos de pollo a las finas hierbas en salsa cremosa de la casa.,Estándar,$5.50
Spagetty  de Camarón,Pasta al dente con camarones seleccionados salteados al ajo y mantequilla.,Estándar,$6.50
Lazaña de carne,Capas de pasta artesanal con abundante boloñesa de res y queso gratinado.,Estándar,$7.99
Lazaña mixta carne y pollo,"Combinación perfecta de carne de res y pollo desmenuzado, cubierta con queso derretido.",Estándar,$8.99
,,,
Ensaladas,,,
Producto,Descripción / Ingredientes,Presentación,Precio ($)
Ensalada del Huerto,"Mezcla fresca de lechuga, tomate, aguacate y zanahoria con el toque especial de nuestra vinagreta de la casa.",Estándar,$3.50
Ensalada Cesar,"Lechuga crujiente, jugosa pechuga de pollo, crotones dorados y queso parmesano, aderezada con clásica vinagreta Cesar.",Estándar,$4.50
,,,
BEBIDAS Y MALTEADAS,,,
Producto,Descripción / Ingredientes,Presentación,Precio ($)
Milkshake,"Sabores: Oreo, Café, Chocolate",Estándar,$3.50
Limonadas y Jugos de Temporada,Limonada o jugo de la temporada,Vaso,$1.50
Limonadas y Jugos de Temporad,Limonada o jugo de la temporada,Jarra,$3.99
Batidos de frutas,"Guanabana , coco , mora , fresa",Vaso,$2.00
Batidos de frutas,"Guanabana , coco , mora , fresa",Jarra,$6.00
Gaseosas,"Bebidas refrescantes a elección, disponibles al clima o heladas.",personal,$0.50
,,mediana,$0.75
,,1 Litro Vidrio,$1.50
,,1 Litro Desechable,$2.00
MICHELADAS Y CÓCTELES,,,
Producto,Descripción / Ingredientes,Presentación,Precio ($)
Micheladas,"Sabores: Maracuyá, Mango, Limón, Tamarindo",Estándar,$3.50
Mojitos,Cóctel mojito tradicional,Vaso,$3.50
,,Combo x 3,$9.99
,,Jarra,$9.99
Margaritas,"Cóctel margarita sabor a elegir Mango , maracuyá , frutos rojos y limon",Vaso,$3.50
,,Combo x 3,$9.99
Destornillador,Cóctel destornillador,Vaso,$3.50
,,Combo x 3,$9.99
,,Jarra,$9.99
Cuba Libre,Cóctel cuba libre,Vaso,$3.50
,,Combo x 3,$9.99
,,Jarra,$9.99
Tequila Sunrise,"Colorida y refrescante combinación de tequila, jugo de naranja y un toque de granadina que crea un vistoso efecto de atardecer.",Vaso,$3.50
,,Combo x 3,$9.99
Gin Tonic,"Exquisito cóctel frozen de ron blanco, fresas naturales, jugo de limón y un toque de dulzor.",Vaso,$3.50
,,Combo x 3,$9.99
Daiquirí de Fresa,"Exquisito cóctel frozen de ron blanco, fresas naturales, jugo de limón y un toque de dulzor.",Vaso,$3.50
,,Combo x 3,$9.99
Sexo en la Playa,"Vibrante y frutal combinación de vodka, licor de durazno, jugo de naranja y un toque de arándano.",Vaso,$3.50
,,Combo x 3,$9.99
Blue Lagoon,"Llamativo cóctel de tono azul preparado con vodka, blue curaçao y limonada refrescante.",Vaso,$3.50
,,Combo x 3,$9.99
,,Jarra,$9.99
Herbal,Delicioso licor de hierbas dulce y refrescante,Vaso,$3.50
,,Combo x 3,$9.99
,,Jarra,$9.99
Martini,Sofisticado y sofisticado cóctel clásico a base de ginebra (o vodka),Vaso,$3.50
,,,
CERVEZAS,,,
Producto,Descripción / Ingredientes,Presentación,Precio ($)
Cerveza Pilsener 1LT,Cerveza Pilsener 1 Litro,Unidad,$3.50
,,Combo x 3,$10.00
Cerveza Club 1LT,Cerveza Club 1 Litro,Unidad,$3.99
,,Combo x 3,$11.00
Cerveza Corona,Cerveza Corona,Unidad,$2.99
,,Combo x 3,$6.99
,,,
PECERAS Y ESPECIALES,,,
Producto,Descripción / Ingredientes,Presentación,Precio ($)
Pecera Pequeña,Cóctel servido en pecera pequeña,Estándar,$6.99
Ruleta de Shot,Juego de ruleta con shots ; varios licores de la casa,Estándar,$14.99
,,,
VINOS,,,
Producto,Descripción / Ingredientes,Presentación,Precio ($)
Vino Semiseco,"Vino de equilibrio perfecto entre dulzor y frescura, ideal para maridar con tus platos favoritos",Copa,$3.50
Tinto Verano,"Refrescante combinación de vino tinto con un toque cítrico y burbujeante, servido bien frío.",Copa,$3.50
Vino Hervido,"Tradicional vino tinto reconfortante infusionado con especias aromáticas, servido caliente.",Copa,$3.50
Sangría,"Mezcla artesanal de vino tinto, frutas frescas maceradas y un toque secreto de la casa.",Copa,$4.50
Coctel de Messi,"Exclusiva y refrescante creación inspirada en el ídolo argentino, con una mezcla frutal de ron blanco (o vodka)",Copa,$3.50
,,,
POSTRES,,,
Cheesecake de Frutos Rojos,"Cremoso pastel de queso sobre una base crocante de galleta, cubierto con una suave mermelada artesanal de frutos rojos.",Estándar,$3.99
Cheesecake de Maracuyá,"Delicioso pastel de queso frío con base crocante, bañado con una refrescante salsa agridulce de maracuyá.",Estándar,$3.99
Crepe de Nutella,Delgada y suave crepa caliente rellena con generosa crema de Nutella y decorada con un toque de azúcar impalpable.,Estándar,$3.99
Crepe de Fresa,"Deliciosa crepa rellena de fresas frescas fileteadas, acompañada de crema batida y un toque dulce de sirope.",Estándar,$3.99
"Helado (Chocolate , Oreo) ",Cremoso y refrescante helado artesanal,Estándar,$3.99